"Name";"WKN";
"2MX ORGANIC EO 0,01";"A2QKDP";
"2U";"A1XEYD";
"333D LTD";"A2AQSD";
"360 CAPITAL GROUP STP.SEC";"A0ETNM";
"361 Degrees International";"A0RPSW";
"3D Oil";"A0MSCV";
"3D RESOURCES LTD";"A0LG0E";
"3D Systems";"888346";
"3I GROUP";"A0MU9Q";
"3I GROUP PLC ADR 1/2";"A0YG02";
"3I INFRASTRUCTURE";"A2LQHH";
"3M CO";"851745";
"3SBIO INC. DL -,00001";"A14T7Q";
"3U Holding";"516790";
"468 Spac I";"A3CM2W";
"49 North Resources";"A0N9WM";
"4BASEBIO UK EO 1";"A255F5";
"4D Pharma";"A1XD45";
"4D PHARMA PLC SP.ADR/8";"A2QR8W";
"4IMPRINT GROUP";"916232";
